{
  "project_info": {
    "project_number": "53445868657",
    "project_id": "ddmods",
    "storage_bucket": "ddmods.appspot.com"
  },
  "client": [
    {
      "client_info": {
        "mobilesdk_app_id": "1:53445868657:android:a3608bb2a73068fdf86fd0",
        "android_client_info": {
          "package_name": "com.mgsofttech.ddmods"
        }
      },
      "oauth_client": [
        {
          "client_id": "53445868657-tpbbrng67o75u8fvvi5g4mcefm6ocjmr.apps.googleusercontent.com",
          "client_type": 1,
          "android_info": {
            "package_name": "com.mgsofttech.ddmods",
            "certificate_hash": "2d73612fb6bcfdbc11f6fae4b6cdf36fe4a33481"
          }
        },
        {
          "client_id": "53445868657-1n0efs6t3tafd00gjihpcbhpr10pvcak.apps.googleusercontent.com",
          "client_type": 3
        }
      ],
      "api_key": [
        {
          "current_key": "AIzaSyAPwgxBBzc7iJLkq9dWM4juER-aqCZRzFg"
        }
      ],
      "services": {
        "appinvite_service": {
          "other_platform_oauth_client": [
            {
              "client_id": "53445868657-1n0efs6t3tafd00gjihpcbhpr10pvcak.apps.googleusercontent.com",
              "client_type": 3
            }
          ]
        }
      }
    }
  ],
  "configuration_version": "1"
}